--
-- PostgreSQL database dump
--

-- Dumped from database version 12.9 (Ubuntu 12.9-2.pgdg20.04+1)
-- Dumped by pg_dump version 12.9 (Ubuntu 12.9-2.pgdg20.04+1)

SET statement_timeout = 0;
SET lock_timeout = 0;
SET idle_in_transaction_session_timeout = 0;
SET client_encoding = 'UTF8';
SET standard_conforming_strings = on;
SELECT pg_catalog.set_config('search_path', '', false);
SET check_function_bodies = false;
SET xmloption = content;
SET client_min_messages = warning;
SET row_security = off;

DROP DATABASE universe;
--
-- Name: universe; Type: DATABASE; Schema: -; Owner: freecodecamp
--

CREATE DATABASE universe WITH TEMPLATE = template0 ENCODING = 'UTF8' LC_COLLATE = 'C.UTF-8' LC_CTYPE = 'C.UTF-8';


ALTER DATABASE universe OWNER TO freecodecamp;

\connect universe

SET statement_timeout = 0;
SET lock_timeout = 0;
SET idle_in_transaction_session_timeout = 0;
SET client_encoding = 'UTF8';
SET standard_conforming_strings = on;
SELECT pg_catalog.set_config('search_path', '', false);
SET check_function_bodies = false;
SET xmloption = content;
SET client_min_messages = warning;
SET row_security = off;

SET default_tablespace = '';

SET default_table_access_method = heap;

--
-- Name: galaxy; Type: TABLE; Schema: public; Owner: freecodecamp
--

CREATE TABLE public.galaxy (
    galaxy_id integer NOT NULL,
    name character varying(20) NOT NULL,
    galaxy_types character varying(20),
    no_of_planets integer,
    description text
);


ALTER TABLE public.galaxy OWNER TO freecodecamp;

--
-- Name: galaxy_galaxy_id_seq; Type: SEQUENCE; Schema: public; Owner: freecodecamp
--

CREATE SEQUENCE public.galaxy_galaxy_id_seq
    AS integer
    START WITH 1
    INCREMENT BY 1
    NO MINVALUE
    NO MAXVALUE
    CACHE 1;


ALTER TABLE public.galaxy_galaxy_id_seq OWNER TO freecodecamp;

--
-- Name: galaxy_galaxy_id_seq; Type: SEQUENCE OWNED BY; Schema: public; Owner: freecodecamp
--

ALTER SEQUENCE public.galaxy_galaxy_id_seq OWNED BY public.galaxy.galaxy_id;


--
-- Name: moon; Type: TABLE; Schema: public; Owner: freecodecamp
--

CREATE TABLE public.moon (
    moon_id integer NOT NULL,
    name character varying(20) NOT NULL,
    moon_color character varying(10) NOT NULL,
    description text NOT NULL,
    planet_id integer NOT NULL
);


ALTER TABLE public.moon OWNER TO freecodecamp;

--
-- Name: moon_moon_id_seq; Type: SEQUENCE; Schema: public; Owner: freecodecamp
--

CREATE SEQUENCE public.moon_moon_id_seq
    AS integer
    START WITH 1
    INCREMENT BY 1
    NO MINVALUE
    NO MAXVALUE
    CACHE 1;


ALTER TABLE public.moon_moon_id_seq OWNER TO freecodecamp;

--
-- Name: moon_moon_id_seq; Type: SEQUENCE OWNED BY; Schema: public; Owner: freecodecamp
--

ALTER SEQUENCE public.moon_moon_id_seq OWNED BY public.moon.moon_id;


--
-- Name: planet; Type: TABLE; Schema: public; Owner: freecodecamp
--

CREATE TABLE public.planet (
    planet_id integer NOT NULL,
    name character varying(20) NOT NULL,
    has_life boolean,
    age_in_millions_of_year numeric(4,2),
    star_id integer NOT NULL
);


ALTER TABLE public.planet OWNER TO freecodecamp;

--
-- Name: planet_planet_id_seq; Type: SEQUENCE; Schema: public; Owner: freecodecamp
--

CREATE SEQUENCE public.planet_planet_id_seq
    AS integer
    START WITH 1
    INCREMENT BY 1
    NO MINVALUE
    NO MAXVALUE
    CACHE 1;


ALTER TABLE public.planet_planet_id_seq OWNER TO freecodecamp;

--
-- Name: planet_planet_id_seq; Type: SEQUENCE OWNED BY; Schema: public; Owner: freecodecamp
--

ALTER SEQUENCE public.planet_planet_id_seq OWNED BY public.planet.planet_id;


--
-- Name: star; Type: TABLE; Schema: public; Owner: freecodecamp
--

CREATE TABLE public.star (
    star_id integer NOT NULL,
    name character varying(20) NOT NULL,
    star_type character varying(10) NOT NULL,
    description text,
    galaxy_id integer
);


ALTER TABLE public.star OWNER TO freecodecamp;

--
-- Name: star_star_id_seq; Type: SEQUENCE; Schema: public; Owner: freecodecamp
--

CREATE SEQUENCE public.star_star_id_seq
    AS integer
    START WITH 1
    INCREMENT BY 1
    NO MINVALUE
    NO MAXVALUE
    CACHE 1;


ALTER TABLE public.star_star_id_seq OWNER TO freecodecamp;

--
-- Name: star_star_id_seq; Type: SEQUENCE OWNED BY; Schema: public; Owner: freecodecamp
--

ALTER SEQUENCE public.star_star_id_seq OWNED BY public.star.star_id;


--
-- Name: student; Type: TABLE; Schema: public; Owner: freecodecamp
--

CREATE TABLE public.student (
    student_id integer NOT NULL,
    math boolean,
    roll_no integer NOT NULL,
    id integer NOT NULL,
    name character varying(10)
);


ALTER TABLE public.student OWNER TO freecodecamp;

--
-- Name: student_student_id_seq; Type: SEQUENCE; Schema: public; Owner: freecodecamp
--

CREATE SEQUENCE public.student_student_id_seq
    AS integer
    START WITH 1
    INCREMENT BY 1
    NO MINVALUE
    NO MAXVALUE
    CACHE 1;


ALTER TABLE public.student_student_id_seq OWNER TO freecodecamp;

--
-- Name: student_student_id_seq; Type: SEQUENCE OWNED BY; Schema: public; Owner: freecodecamp
--

ALTER SEQUENCE public.student_student_id_seq OWNED BY public.student.student_id;


--
-- Name: galaxy galaxy_id; Type: DEFAULT; Schema: public; Owner: freecodecamp
--

ALTER TABLE ONLY public.galaxy ALTER COLUMN galaxy_id SET DEFAULT nextval('public.galaxy_galaxy_id_seq'::regclass);


--
-- Name: moon moon_id; Type: DEFAULT; Schema: public; Owner: freecodecamp
--

ALTER TABLE ONLY public.moon ALTER COLUMN moon_id SET DEFAULT nextval('public.moon_moon_id_seq'::regclass);


--
-- Name: planet planet_id; Type: DEFAULT; Schema: public; Owner: freecodecamp
--

ALTER TABLE ONLY public.planet ALTER COLUMN planet_id SET DEFAULT nextval('public.planet_planet_id_seq'::regclass);


--
-- Name: star star_id; Type: DEFAULT; Schema: public; Owner: freecodecamp
--

ALTER TABLE ONLY public.star ALTER COLUMN star_id SET DEFAULT nextval('public.star_star_id_seq'::regclass);


--
-- Name: student student_id; Type: DEFAULT; Schema: public; Owner: freecodecamp
--

ALTER TABLE ONLY public.student ALTER COLUMN student_id SET DEFAULT nextval('public.student_student_id_seq'::regclass);


--
-- Data for Name: galaxy; Type: TABLE DATA; Schema: public; Owner: freecodecamp
--

INSERT INTO public.galaxy VALUES (1, 'milky way', 'type1', 10, 'it has almost 10 planet that has been discovere');
INSERT INTO public.galaxy VALUES (2, 'andromeda galaxy', 'type2', 8, 'it has almost 08 planet that has been discovere');
INSERT INTO public.galaxy VALUES (3, 'magellanic cloud', 'type3', 12, 'it has almost 12 planet that has been discovere');
INSERT INTO public.galaxy VALUES (4, 'triangulam galaxy', 'type4', 16, 'it has almost 16 planet that has been discovere');
INSERT INTO public.galaxy VALUES (5, 'starbust  galaxy', 'type5', 13, 'it has almost 13 planet that has been discovere');
INSERT INTO public.galaxy VALUES (6, 'radio  galaxy', 'type6', 3, 'it has almost 3 planet that has been discovere');


--
-- Data for Name: moon; Type: TABLE DATA; Schema: public; Owner: freecodecamp
--

INSERT INTO public.moon VALUES (1, 'callisto', 'grey', 'it has gryeishh colur', 1);
INSERT INTO public.moon VALUES (2, 'fullmoon', 'white', 'it is whitishh colur', 1);
INSERT INTO public.moon VALUES (3, 'elara', 'white', 'it is whitishh colur', 1);
INSERT INTO public.moon VALUES (43, 'oberon', 'white', 'it is whitishh colur', 2);
INSERT INTO public.moon VALUES (5, 'crescent', 'white', 'it is whitishh colur', 2);
INSERT INTO public.moon VALUES (6, 'straw', 'white', 'it is whitishh colur', 2);
INSERT INTO public.moon VALUES (7, 'blue moon', 'white', 'it is whitishh colur', 2);
INSERT INTO public.moon VALUES (8, 'larissa ', 'white', 'it is whitishh colur', 3);
INSERT INTO public.moon VALUES (9, 'triton ', 'white', 'it is whitishh colur', 3);
INSERT INTO public.moon VALUES (10, 'esmare ', 'white', 'it is whitishh colur', 3);
INSERT INTO public.moon VALUES (11, 'arche ', 'white', 'it is whitishh colur', 3);
INSERT INTO public.moon VALUES (12, 'parche ', 'white', 'it is whitishh colur', 3);
INSERT INTO public.moon VALUES (13, 'thebe ', 'white', 'it is whitishh colur', 4);
INSERT INTO public.moon VALUES (14, 'sturg ', 'white', 'it is whitishh colur', 4);
INSERT INTO public.moon VALUES (15, 'sturgion ', 'white', 'it is whitishh colur', 4);
INSERT INTO public.moon VALUES (16, 'chandra ', 'white', 'it is whitishh colur', 4);
INSERT INTO public.moon VALUES (17, 'hala ', 'white', 'it is whitishh colur', 4);
INSERT INTO public.moon VALUES (18, 'amaris ', 'white', 'it is whitishh colur', 4);
INSERT INTO public.moon VALUES (19, 'jis ', 'white', 'it is whitishh colur', 6);
INSERT INTO public.moon VALUES (20, 'jites ', 'white', 'it is whitishh colur', 6);


--
-- Data for Name: planet; Type: TABLE DATA; Schema: public; Owner: freecodecamp
--

INSERT INTO public.planet VALUES (1, 'jupitor', false, 45.03, 1);
INSERT INTO public.planet VALUES (2, 'mars', false, 46.03, 1);
INSERT INTO public.planet VALUES (3, 'Saturn', false, 45.07, 1);
INSERT INTO public.planet VALUES (4, 'uranus', false, 49.47, 2);
INSERT INTO public.planet VALUES (5, 'earth', true, 92.47, 2);
INSERT INTO public.planet VALUES (6, 'venus', false, 32.33, 2);
INSERT INTO public.planet VALUES (7, 'mercury', false, 62.33, 3);
INSERT INTO public.planet VALUES (8, 'stat', false, 25.33, 3);
INSERT INTO public.planet VALUES (9, 'staue', false, 25.43, 3);
INSERT INTO public.planet VALUES (10, 'nicols', false, 51.43, 4);
INSERT INTO public.planet VALUES (11, 'colls', false, 61.43, 4);
INSERT INTO public.planet VALUES (12, 'frlls', false, 32.43, 4);


--
-- Data for Name: star; Type: TABLE DATA; Schema: public; Owner: freecodecamp
--

INSERT INTO public.star VALUES (1, 'white dwarf', 'type A', 'it has a white body', 1);
INSERT INTO public.star VALUES (2, 'red glant', 'type b', 'it has a Red  body', 1);
INSERT INTO public.star VALUES (3, 'proto star', 'type c', 'it has a prot body', 2);
INSERT INTO public.star VALUES (4, 'brown dwarf', 'type d', 'it has a brown body', 2);
INSERT INTO public.star VALUES (5, 'sub  dwarf', 'type e', 'it has a blue  body', 3);
INSERT INTO public.star VALUES (6, 'green  dwarf', 'type f', 'it has a green  body', 3);


--
-- Data for Name: student; Type: TABLE DATA; Schema: public; Owner: freecodecamp
--

INSERT INTO public.student VALUES (1, false, 25, 2, NULL);
INSERT INTO public.student VALUES (2, true, 26, 3, NULL);
INSERT INTO public.student VALUES (3, false, 27, 4, NULL);


--
-- Name: galaxy_galaxy_id_seq; Type: SEQUENCE SET; Schema: public; Owner: freecodecamp
--

SELECT pg_catalog.setval('public.galaxy_galaxy_id_seq', 1, false);


--
-- Name: moon_moon_id_seq; Type: SEQUENCE SET; Schema: public; Owner: freecodecamp
--

SELECT pg_catalog.setval('public.moon_moon_id_seq', 1, false);


--
-- Name: planet_planet_id_seq; Type: SEQUENCE SET; Schema: public; Owner: freecodecamp
--

SELECT pg_catalog.setval('public.planet_planet_id_seq', 1, false);


--
-- Name: star_star_id_seq; Type: SEQUENCE SET; Schema: public; Owner: freecodecamp
--

SELECT pg_catalog.setval('public.star_star_id_seq', 1, false);


--
-- Name: student_student_id_seq; Type: SEQUENCE SET; Schema: public; Owner: freecodecamp
--

SELECT pg_catalog.setval('public.student_student_id_seq', 1, false);


--
-- Name: galaxy galaxy_name_key; Type: CONSTRAINT; Schema: public; Owner: freecodecamp
--

ALTER TABLE ONLY public.galaxy
    ADD CONSTRAINT galaxy_name_key UNIQUE (name);


--
-- Name: galaxy galaxy_pkey; Type: CONSTRAINT; Schema: public; Owner: freecodecamp
--

ALTER TABLE ONLY public.galaxy
    ADD CONSTRAINT galaxy_pkey PRIMARY KEY (galaxy_id);


--
-- Name: moon moon_name_key; Type: CONSTRAINT; Schema: public; Owner: freecodecamp
--

ALTER TABLE ONLY public.moon
    ADD CONSTRAINT moon_name_key UNIQUE (name);


--
-- Name: moon moon_pkey; Type: CONSTRAINT; Schema: public; Owner: freecodecamp
--

ALTER TABLE ONLY public.moon
    ADD CONSTRAINT moon_pkey PRIMARY KEY (moon_id);


--
-- Name: planet planet_name_key; Type: CONSTRAINT; Schema: public; Owner: freecodecamp
--

ALTER TABLE ONLY public.planet
    ADD CONSTRAINT planet_name_key UNIQUE (name);


--
-- Name: planet planet_pkey; Type: CONSTRAINT; Schema: public; Owner: freecodecamp
--

ALTER TABLE ONLY public.planet
    ADD CONSTRAINT planet_pkey PRIMARY KEY (planet_id);


--
-- Name: star star_name_key; Type: CONSTRAINT; Schema: public; Owner: freecodecamp
--

ALTER TABLE ONLY public.star
    ADD CONSTRAINT star_name_key UNIQUE (name);


--
-- Name: star star_pkey; Type: CONSTRAINT; Schema: public; Owner: freecodecamp
--

ALTER TABLE ONLY public.star
    ADD CONSTRAINT star_pkey PRIMARY KEY (star_id);


--
-- Name: student student_pkey; Type: CONSTRAINT; Schema: public; Owner: freecodecamp
--

ALTER TABLE ONLY public.student
    ADD CONSTRAINT student_pkey PRIMARY KEY (student_id);


--
-- Name: student student_roll_no_key; Type: CONSTRAINT; Schema: public; Owner: freecodecamp
--

ALTER TABLE ONLY public.student
    ADD CONSTRAINT student_roll_no_key UNIQUE (roll_no);


--
-- Name: moon moon_planet_id_fkey; Type: FK CONSTRAINT; Schema: public; Owner: freecodecamp
--

ALTER TABLE ONLY public.moon
    ADD CONSTRAINT moon_planet_id_fkey FOREIGN KEY (planet_id) REFERENCES public.planet(planet_id);


--
-- Name: planet planet_star_id_fkey; Type: FK CONSTRAINT; Schema: public; Owner: freecodecamp
--

ALTER TABLE ONLY public.planet
    ADD CONSTRAINT planet_star_id_fkey FOREIGN KEY (star_id) REFERENCES public.star(star_id);


--
-- Name: star star_galaxy_id_fkey; Type: FK CONSTRAINT; Schema: public; Owner: freecodecamp
--

ALTER TABLE ONLY public.star
    ADD CONSTRAINT star_galaxy_id_fkey FOREIGN KEY (galaxy_id) REFERENCES public.galaxy(galaxy_id);


--
-- PostgreSQL database dump complete
--

